{
  "totalCoveredPPM": 0.23278442382812248,
  "regions": [
    {
      "start": 8.624831881043374,
      "end": 8.575218843934
    },
    {
      "start": 8.385116304871499,
      "end": 8.315209078309
    },
    {
      "start": 7.982131685730874,
      "end": 7.917412447449625
    },
    {
      "start": 3.9742581505746237,
      "end": 3.9257132286996237
    }
  ]
}