{
  "totalCoveredPPM": 0.3342701079744481,
  "regions": [
    {
      "start": 7.575564011269995,
      "end": 7.475105638590298
    },
    {
      "start": 7.362611070721374,
      "end": 7.262218485171905
    },
    {
      "start": 2.079312429226419,
      "end": 2.008918775060999
    },
    {
      "start": 0.025076394286365905,
      "end": -0.037949101293496657
    }
  ]
}