{
  "totalCoveredPPM": 0.2661181640625008,
  "regions": [
    {
      "start": 3.4344287109375,
      "end": 3.3636669921874995
    },
    {
      "start": 1.6238818359375,
      "end": 1.5121044921875006
    },
    {
      "start": 0.9467578125000002,
      "end": 0.8631787109374993
    }
  ]
}